Entry Point,Lines
analyze-basic-exception,6
analyze-basic-resume,6
analyze-basic-resume-context,6
analyze-basic-resume-op,6
analyze-basic-resume-op-context,6
analyze-nondet-simple,7
analyze-nondet-context,7
analyze-nondet-nested,7
analyze-nondet-discard,10
analyze-multi-simple,12
analyze-multi-inner-first,12
analyze-multi-two-outer,12
analyze-nondet-nested-simple,15
analyze-nondet-nested-tail,12
analyze-nondet-three-levels,21
analyze-nondet-alternating,18
analyze-nondet-both-contexts,15
analyze-nondet-guarded,12
analyze-nondet-with-failure,12
analyze-nondet-variable-branches,16
analyze-nested-simple,9
analyze-nested-simple-two,9
analyze-nested-op-after,9
analyze-nested-op-before,9
analyze-nested-inner-first,9
analyze-nested-outer-first,9
analyze-nested-tail-simple,9
analyze-nested-tail-op-after,9
analyze-nested-tail-op-before,9
analyze-nested-tail-inner-first,9
analyze-nested-tail-outer-first,9
analyze-nested-three-levels,12
analyze-nested-absorb,12
analyze-iter-sum,11
analyze-iter-sum-handler,13
analyze-iter-sum-two,11
analyze-iter-sum-b,11
analyze-iter-sum-two-b,11
analyze-iter-sum-c,11
analyze-iter-sum-two-c,11
analyze-iter-sum-d,11
analyze-iter-sum-two-d,11
analyze-state-countdown,17
analyze-complex-tail-call,8
analyze-complex-non-tail-call,10
analyze-complex-tail-effect,8
analyze-complex-nested-interleave,13
analyze-complex-recursive,9
analyze-complex-layers,23
analyze-complex-resume-func,8
analyze-unix-example1,10
analyze-unix-example1_2,10
analyze-unix-example2,17
analyze-unix-example3,26
analyze-unix-example5,63
analyze-vec-main,14
analyze-scoped-example1,20
analyze-yield-main,12
analyze-nim-perfect1,20
analyze-nim-perfect2,20
analyze-nim-gtree,45
analyze-nim-check,35
analyze-nim-pc1,35
analyze-nim-pc2,40
analyze-nim-coin,30
