Analysis,File/Example,D,M(K),Precise,NEval,NApply,AvgEval,AvgApply,AvgMK,AvgK,AvgS,Time
kcfa,analysis/benchmarks/suite/nondet/nondet-context,0,1,0,178,71,1.0449438202247192,1.0,1.0,1.0,1.1111111111111112,0.00504
kcfa,analysis/benchmarks/suite/nondet/nondet-discard,0,1,0,138,54,1.0434782608695652,1.0,1.0,1.0,1.0392156862745099,0.002824
parse   : .../std/core/types.kk
parse   : .../std/core/undiv.kk
parse   : .../std/core/hnd.kk
parse   : .../std/core/order.kk
parse   : .../std/core/unsafe.kk
parse   : .../std/core/exn.kk
parse   : .../std/core/int.kk
parse   : .../std/core/bool.kk
parse   : .../std/core/char.kk
parse   : .../std/core/string.kk
parse   : .../std/core/vector.kk
parse   : .../std/core/list.kk
parse   : .../std/core/maybe.kk
parse   : .../std/core/sslice.kk
parse   : .../std/core/either.kk
parse   : .../std/core/tuple.kk
parse   : .../std/core/maybe2.kk
parse   : .../std/core/show.kk
parse   : .../std/core/lazy.kk
check   : std/core/types
parse   : .../std/core/debug.kk
parse   : .../std/core/delayed.kk
parse   : .../std/core/console.kk
parse   : .../std/core.kk
parse   : .../analysis/benchmarks/suite/nondet.kk
check   : std/core/undiv
check   : std/core/int
check   : std/core/bool
check   : std/core/unsafe
check   : std/core/lazy
check   : std/core/hnd
check   : std/core/order
check   : std/core/char
check   : std/core/exn
check   : std/core/either
check   : std/core/tuple
check   : std/core/delayed
check   : std/core/maybe
check   : std/core/maybe2
check   : std/core/vector
check   : std/core/string
check   : std/core/sslice
check   : std/core/list
check   : std/core/show
check   : std/core/console
check   : std/core/debug
check   : std/core
check   : analysis/benchmarks/suite/nondet
kcfa,analysis/benchmarks/suite/nondet/nondet-nested,0,1,0,261,101,1.0727969348659003,1.0594059405940595,1.25,1.288888888888889,1.2105263157894737,0.008113
kcfa,analysis/benchmarks/suite/nondet/nondet-simple,0,1,0,152,60,1.0460526315789473,1.0,1.0,1.0,1.087719298245614,0.003357
kcfa,analysis/benchmarks/suite/nondet/nondet-context,0,2,0,178,71,1.0449438202247192,1.0,1.0,1.0,1.0746268656716418,0.004226
kcfa,analysis/benchmarks/suite/nondet/nondet-discard,0,2,1,138,54,1.0434782608695652,1.0,1.0,1.0,1.0,0.002288
kcfa,analysis/benchmarks/suite/nondet/nondet-nested,0,2,0,392,150,1.1096938775510203,1.1466666666666667,2.0,1.8444444444444446,1.2105263157894737,0.024045
kcfa,analysis/benchmarks/suite/nondet/nondet-simple,0,2,1,152,60,1.0460526315789473,1.0,1.0,1.0,1.0,0.002868
kcfa,analysis/benchmarks/suite/nondet/nondet-context,0,3,1,178,71,1.0449438202247192,1.0,1.0,1.0,1.0,0.004064
kcfa,analysis/benchmarks/suite/nondet/nondet-discard,0,3,1,138,54,1.0434782608695652,1.0,1.0,1.0,1.0,0.002401
kcfa,analysis/benchmarks/suite/nondet/nondet-nested,0,3,0,319,123,1.0721003134796239,1.0406504065040652,1.3333333333333333,1.0234375,1.15,0.009055
kcfa,analysis/benchmarks/suite/nondet/nondet-simple,0,3,1,152,60,1.0460526315789473,1.0,1.0,1.0,1.0,0.003105
kcfa,analysis/benchmarks/suite/nondet/nondet-context,0,4,1,178,71,1.0449438202247192,1.0,1.0,1.0,1.0,0.004293
kcfa,analysis/benchmarks/suite/nondet/nondet-discard,0,4,1,138,54,1.0434782608695652,1.0,1.0,1.0,1.0,0.003086
kcfa,analysis/benchmarks/suite/nondet/nondet-nested,0,4,0,333,129,1.063063063063063,1.0232558139534884,1.1428571428571428,1.0153846153846153,1.1372549019607843,0.010647
kcfa,analysis/benchmarks/suite/nondet/nondet-simple,0,4,1,152,60,1.0460526315789473,1.0,1.0,1.0,1.0,0.003276
kcfa,analysis/benchmarks/suite/nondet/nondet-context,0,5,1,178,71,1.0449438202247192,1.0,1.0,1.0,1.0,0.004688
kcfa,analysis/benchmarks/suite/nondet/nondet-discard,0,5,1,138,54,1.0434782608695652,1.0,1.0,1.0,1.0,0.00319
kcfa,analysis/benchmarks/suite/nondet/nondet-nested,0,5,0,333,129,1.063063063063063,1.0232558139534884,1.1428571428571428,1.0153846153846153,1.1372549019607843,0.012262
kcfa,analysis/benchmarks/suite/nondet/nondet-simple,0,5,1,152,60,1.0460526315789473,1.0,1.0,1.0,1.0,0.003461
kcfa,analysis/benchmarks/suite/nondet/nondet-context,0,6,1,178,71,1.0449438202247192,1.0,1.0,1.0,1.0,0.005035
kcfa,analysis/benchmarks/suite/nondet/nondet-discard,0,6,1,138,54,1.0434782608695652,1.0,1.0,1.0,1.0,0.003358
kcfa,analysis/benchmarks/suite/nondet/nondet-nested,0,6,0,333,129,1.063063063063063,1.0232558139534884,1.1428571428571428,1.0149253731343284,1.1132075471698113,0.013507
kcfa,analysis/benchmarks/suite/nondet/nondet-simple,0,6,1,152,60,1.0460526315789473,1.0,1.0,1.0,1.0,0.004122
kcfa,analysis/benchmarks/suite/nondet/nondet-context,0,7,1,178,71,1.0449438202247192,1.0,1.0,1.0,1.0,0.005508
kcfa,analysis/benchmarks/suite/nondet/nondet-discard,0,7,1,138,54,1.0434782608695652,1.0,1.0,1.0,1.0,0.002953
kcfa,analysis/benchmarks/suite/nondet/nondet-nested,0,7,0,333,129,1.063063063063063,1.0232558139534884,1.1428571428571428,1.0149253731343284,1.102803738317757,0.01443
kcfa,analysis/benchmarks/suite/nondet/nondet-simple,0,7,1,152,60,1.0460526315789473,1.0,1.0,1.0,1.0,0.00384
kcfa,analysis/benchmarks/suite/nondet/nondet-context,0,8,1,178,71,1.0449438202247192,1.0,1.0,1.0,1.0,0.005486
kcfa,analysis/benchmarks/suite/nondet/nondet-discard,0,8,1,138,54,1.0434782608695652,1.0,1.0,1.0,1.0,0.003303
kcfa,analysis/benchmarks/suite/nondet/nondet-nested,0,8,0,347,135,1.0547550432276658,1.0074074074074073,1.0,1.0073529411764706,1.091743119266055,0.015051
kcfa,analysis/benchmarks/suite/nondet/nondet-simple,0,8,1,152,60,1.0460526315789473,1.0,1.0,1.0,1.0,0.003774
kcfa,analysis/benchmarks/suite/nondet/nondet-context,0,9,1,178,71,1.0449438202247192,1.0,1.0,1.0,1.0,0.005531
kcfa,analysis/benchmarks/suite/nondet/nondet-discard,0,9,1,138,54,1.0434782608695652,1.0,1.0,1.0,1.0,0.003342
kcfa,analysis/benchmarks/suite/nondet/nondet-nested,0,9,0,347,135,1.0547550432276658,1.0074074074074073,1.0,1.0073529411764706,1.091743119266055,0.016287
kcfa,analysis/benchmarks/suite/nondet/nondet-simple,0,9,1,152,60,1.0460526315789473,1.0,1.0,1.0,1.0,0.00397
kcfa,analysis/benchmarks/suite/nondet/nondet-context,0,10,1,178,71,1.0449438202247192,1.0,1.0,1.0,1.0,0.006977
kcfa,analysis/benchmarks/suite/nondet/nondet-discard,0,10,1,138,54,1.0434782608695652,1.0,1.0,1.0,1.0,0.003045
kcfa,analysis/benchmarks/suite/nondet/nondet-nested,0,10,0,347,135,1.0547550432276658,1.0074074074074073,1.0,1.0071428571428571,1.0707964601769913,0.017335
kcfa,analysis/benchmarks/suite/nondet/nondet-simple,0,10,1,152,60,1.0460526315789473,1.0,1.0,1.0,1.0,0.005686

